,Accuracy,ROC-AUC
CNN,0.743455497382199,0.8395833333333335
LSTM,0.7172774869109948,0.7780701754385965
CNN-LSTM,0.5235602094240838,0.7268640350877194
